,mse,bce_loss,over_under_acc
0,70.84669250672987,0.2351513385990547,0.7763157894736842
