,mse,bce_loss,over_under_acc
0,70.84669250672987,0.9423286597916873,0.54
